feature,train_auc_drop_mean,train_auc_drop_std,train_aupr_drop_mean,train_aupr_drop_std,test_auc_drop_mean,test_auc_drop_std,test_aupr_drop_mean,test_aupr_drop_std
contact_score_max,0.0014385520215369318,9.412968340090622e-05,0.011804708055468821,0.0006613264127160403,0.01888764800978306,0.002004135818546908,0.02139209519606382,0.0015858450202140026
pae_min,0.0006785734972820645,9.201190316988295e-05,0.005332427178721022,0.001076385249181189,0.006787812423081551,0.0019987737772673006,0.019481093207944344,0.0025906106414960955
pdockq_e,0.002869732554462279,0.00016476923032526648,0.025664812131017116,0.0011941188655172697,0.011958741291755792,0.0017334024597569862,0.0130245355842952,0.0014986341074406247
ipsae_d0res_max,0.0020042588934779835,6.313723703822058e-05,0.019864043078511584,0.00042608434497546505,0.01117552070704581,0.0018943914734236389,0.01050117780529522,0.0014860886059029088
iptm_d0chn_asym,0.001309200453364301,5.768372826203258e-05,0.013638424905515017,0.0004606972823167585,0.01309796914970308,0.001924217620048521,0.009445264910216421,0.0012522734309112018
ipsae_d0dom_max,0.00157265504874744,6.05519431399456e-05,0.015122853355184002,0.0006643300424827728,0.006167733191180885,0.0019344020418020946,0.007917572763587033,0.0016084385618009328
ipsae_d0chn_max,0.0005618547203515179,3.541947967258529e-05,0.0047711207553496615,0.0003631463047607538,0.006299522802662211,0.0015299583941515583,0.007244291686466087,0.0013437047860127994
ipsae_d0chn_asym,0.0010212379597249522,3.4917849721485e-05,0.010201452798560957,0.0002713987214481569,0.009255558860831625,0.0015847470254750633,0.006438051314343202,0.0012122882821164757
ipsae_d0res_asym,0.0017119060800123097,3.2966401931326494e-05,0.018001236660888337,0.00033725601082639314,0.005882359007689736,0.0014776627051727098,0.0050255923174895075,0.0011314627452098966
contact_score_avg,0.0012838428157868564,3.5518177530063845e-05,0.013146124883129957,0.00033185610472052365,0.003984020237457225,0.0014052695627314938,0.0034796983202714793,0.001119718275527781
iface_residues_b,0.0012334461928775297,3.9313577284506705e-05,0.013280623512521095,0.0004004015737242498,0.005143805487196312,0.001102559134096037,0.0031974033286713555,0.0008921503466670362
all_disorder_percent,0.0008170031138697686,4.849383124848335e-05,0.008407470077932366,0.0004971939065688981,0.002489690364885533,0.0006667336061015227,0.002939679324476052,0.0008464293902682963
lis,0.0029835338930566334,3.897472821163232e-05,0.030826125144580635,0.0004072769422968364,0.002189774748739032,0.0010883850104318794,0.0028737291618584847,0.0006286521319862395
ipsae_d0dom_asym,0.0016936508469281076,3.189074663111198e-05,0.016888999929072758,0.00028978250113988446,0.004760812340118603,0.0016601333236983798,0.0026720902917424737,0.001054218519148557
if_plddt_diff_mean,0.0013302669073695038,6.909963672398774e-05,0.013123211906257176,0.0005431736131099774,0.0038048019500415307,0.0009437948668669001,0.0023731679651967487,0.0010500071432844721
iface_residues_a,0.0008236098370922595,3.474989130745837e-05,0.009164557034892528,0.0003846774638853446,0.003985383854861468,0.0007052360504502616,0.0023685959333318352,0.0004904127862768937
salt_bridge_percent,0.0024257720837690456,0.00014196722494487637,0.02291690882941886,0.0011519306802461775,0.001575997950219371,0.00121897506395976,0.0023354384087143744,0.0010012953332400889
all_plddt_min,0.0008852159378806845,3.740527708399327e-05,0.008826854269547896,0.00034974404383226467,0.0024143361795885276,0.000863943027858983,0.0021366614834681776,0.0007777192950552412
all_plddt_mean,0.0009397267153369415,4.3153327242811135e-05,0.009377046586325415,0.00041385003022759224,0.0016907480736324699,0.0006554073759854877,0.002094413266493217,0.0007071497311813891
if_plddt_max,0.0030788888072195266,5.354652033423717e-05,0.03261575886536464,0.0005273000941608584,0.0014163630421638207,0.0007565199016633516,0.0020242970800154747,0.000757287642097515
iptm_d0chn_max,0.00044974577923860283,3.6464672906511384e-05,0.004401442511371057,0.00042097978516028443,0.0006132153090001536,0.0008573143896252449,0.0019917875824275455,0.0005880936359028553
plddt_A,0.0013826250118786742,8.679345397680987e-05,0.013687805595315789,0.0006055730865913179,0.0029998780765613854,0.0007778771460098938,0.0018993741003539232,0.0007567347145076698
domain_coverage,0.0011971269180564125,7.035726837728967e-05,0.012330177140887678,0.000623679743130343,0.003210115795181323,0.0008105990731999423,0.001687959718971549,0.0006112407753710425
n0dom,0.000732801028297908,2.808189191476698e-05,0.0073209527561314105,0.0002797357101508487,0.0034330958882006603,0.0009273043031088521,0.001468280195267846,0.0005136124317183024
all_plddt_max,0.0020635423734550627,7.308363707038977e-05,0.022570980382734945,0.000781765638713209,0.0021580334024384417,0.0007923041504713523,0.0013723526726379831,0.0008074213007108754
n0res_max,0.000537268929324225,3.405363460446564e-05,0.00549806665519435,0.0003845502629829049,0.0005496753215500361,0.0008459706376488178,0.0013523243099528403,0.0007235580597985977
n_positive_contacts,0.0010620466906265057,3.4093621727298876e-05,0.01120756928502275,0.0002928780396779924,0.002787188138407737,0.0009792177955478772,0.0013520981479939298,0.0006381708301770025
if_residues_num,0.0004606932541602993,3.7616137057712646e-05,0.005038792448307172,0.0003358360382246335,0.0017010955233470626,0.000783436070793621,0.0010728143837531346,0.0006460590325713891
n0chn,0.0007264987949988699,1.9460988757098993e-05,0.007989723279751065,0.000214555400085999,0.0013566847275307936,0.0004074893107142423,0.0010688522822465464,0.0004125487541965317
pdockq_e_v2,0.0008721087088508717,2.1492016605179397e-05,0.008762695534636756,0.00015343752716689103,0.001682635123025672,0.0011787934995040005,0.0008912185424286678,0.0007503940372134703
d0chn,0.0007348828896348913,2.316961942192061e-05,0.008069105796522374,0.00025238025768554285,0.0009849442887806203,0.0006054145782794482,0.0006403713194889582,0.0004376385895825125
backbone_percent,0.000819318653520057,2.9404288962998964e-05,0.008696610887403,0.0003262215408478436,0.0008193621754073677,0.0004894690142606033,0.000628251146057579,0.0004233955129150442
num_residue_contacts,0.00045389533959058206,2.688445473715981e-05,0.005131377677585458,0.0002625291394189036,0.0006402011828405662,0.000710603937370432,0.0005901347109634414,0.0004819776151631263
h_bond_percent,0.0010370855980656568,4.218435545031071e-05,0.01114736976238916,0.0004959751434052547,0.00044005881659996414,0.0004355035897913019,0.0004312716735797806,0.00042884537346052907
if_plddt_avg,0.0010759470096894596,1.76144147005397e-05,0.01072543457773643,0.0001352976183247977,0.001306288178422449,0.0007537588948711099,0.0003082079678593197,0.0005315925739818987
all_pae_mean,0.0010856836060784357,3.684545210998421e-05,0.011562205938902332,0.0003909932210620998,0.0004291040414868497,0.000467684985432963,0.00029246505045150696,0.00036893346077710744
iptm,0.0006370212444744173,3.0296381405321743e-05,0.006511045914525726,0.0003166781755180917,-0.0002503326538929429,0.0007073882541599046,0.0001573747782420254,0.0004255806409637951
if_plddt_min,0.000951807176020264,3.958618800905867e-05,0.009788306862313644,0.0003668586316229308,0.0007113499262270285,0.0007458460177931088,-0.00011771482260551358,0.0005616397849296632
contact_score_median,0.0009173644088668221,2.167180043309576e-05,0.00916248181530659,0.00019840939238902717,0.0005521046231441396,0.0009575564571281394,-0.00015938009017917308,0.0006477459103957481
plddt_B,0.0008335093001844651,1.893409766494743e-05,0.008752446769100442,0.0001868954401167522,-0.0002501722283159591,0.00036055847831152106,-0.00025053069649297874,0.0003038029514152075
if_residues_percent,0.0007173995031007962,3.7783750063437264e-05,0.008336692438982978,0.00038201611548229245,-0.0005621541396446439,0.0007474979226917954,-0.000333156030439502,0.0005154985498309279
pae_max,0.0007966093701604726,3.588217274187777e-05,0.008311835001833556,0.00036942135451126674,-6.510986631062532e-05,0.000619274774496566,-0.0004800185889083375,0.0005123606416767228
atom_contacts_per_residue_avg,0.0007961986628218842,3.4458139479970516e-05,0.008048463927361693,0.00034769328121434824,-0.00032505659585187473,0.0005923981736025333,-0.0005401660016556064,0.0005384225944905467
other_contact_percent,0.003071319046099641,0.00013332916073347434,0.030949754028732946,0.0013138142619318284,-0.0015690308965912003,0.0009701336448965442,-0.000780510518572547,0.001541453144586904
repulsive_contact_percent,0.0019208074109731855,0.00011337164434509805,0.018955506839096782,0.0007733957256699358,0.000413359417004161,0.0008974832021779024,-0.0010092333252605557,0.0004576651302220697
unfiltered_if_pae_mean,0.0007631579655484721,2.8791038442323366e-05,0.007791893603261696,0.00025446646742727333,-0.0007563722185071231,0.000920091809791514,-0.0015782390358544175,0.0006917628438947201
pae_diff_mean,0.000679713564204687,2.3776403473374483e-05,0.007473531997553901,0.0002625287106141913,-0.0004786755447709956,0.0007092095326385767,-0.001759848202440173,0.0007512084028963587
pae_avg,0.0008295721746627959,2.6869041597146968e-05,0.008471816776126162,0.00023599976747137942,-0.001460686337287098,0.0008718844871118231,-0.0022285511935690337,0.0006960828550731832
ptm,0.0018532035668091251,3.021870755300845e-05,0.02065541053403745,0.00031708482804221414,-0.0018152039444525592,0.0005970278555075411,-0.002590346569011026,0.0006146222862115823
